-- phpMyAdmin SQL Dump
-- version 5.0.2
-- https://www.phpmyadmin.net/
--
-- Host: 127.0.0.1
-- Generation Time: Jun 27, 2022 at 12:35 AM
-- Server version: 10.4.13-MariaDB
-- PHP Version: 7.4.8

SET SQL_MODE = "NO_AUTO_VALUE_ON_ZERO";
START TRANSACTION;
SET time_zone = "+00:00";


/*!40101 SET @OLD_CHARACTER_SET_CLIENT=@@CHARACTER_SET_CLIENT */;
/*!40101 SET @OLD_CHARACTER_SET_RESULTS=@@CHARACTER_SET_RESULTS */;
/*!40101 SET @OLD_COLLATION_CONNECTION=@@COLLATION_CONNECTION */;
/*!40101 SET NAMES utf8mb4 */;

--
-- Database: `receipts`
--

-- --------------------------------------------------------

--
-- Table structure for table `departments`
--

CREATE TABLE `departments` (
  `id` bigint(20) UNSIGNED NOT NULL,
  `name` varchar(255) COLLATE utf8mb4_unicode_ci NOT NULL,
  `created_at` timestamp NULL DEFAULT NULL,
  `updated_at` timestamp NULL DEFAULT NULL
) ENGINE=InnoDB DEFAULT CHARSET=utf8mb4 COLLATE=utf8mb4_unicode_ci;

--
-- Dumping data for table `departments`
--

INSERT INTO `departments` (`id`, `name`, `created_at`, `updated_at`) VALUES
(1, 'قسم المواد الأولية', NULL, NULL),
(2, 'قسم التحضير', NULL, NULL),
(3, 'قسم المواد الجاهزة', NULL, NULL),
(4, 'قسم الأنتاج', NULL, NULL),
(5, 'قسم المشتريات', NULL, NULL),
(6, 'قسم التجميع', NULL, NULL),
(7, 'قسم الإتلاف', NULL, NULL);

-- --------------------------------------------------------

--
-- Table structure for table `department_item`
--

CREATE TABLE `department_item` (
  `id` bigint(20) UNSIGNED NOT NULL,
  `department_id` bigint(20) UNSIGNED NOT NULL,
  `item_id` bigint(20) UNSIGNED NOT NULL,
  `value` bigint(20) NOT NULL
) ENGINE=InnoDB DEFAULT CHARSET=utf8mb4 COLLATE=utf8mb4_unicode_ci;

-- --------------------------------------------------------

--
-- Table structure for table `failed_jobs`
--

CREATE TABLE `failed_jobs` (
  `id` bigint(20) UNSIGNED NOT NULL,
  `uuid` varchar(255) COLLATE utf8mb4_unicode_ci NOT NULL,
  `connection` text COLLATE utf8mb4_unicode_ci NOT NULL,
  `queue` text COLLATE utf8mb4_unicode_ci NOT NULL,
  `payload` longtext COLLATE utf8mb4_unicode_ci NOT NULL,
  `exception` longtext COLLATE utf8mb4_unicode_ci NOT NULL,
  `failed_at` timestamp NOT NULL DEFAULT current_timestamp()
) ENGINE=InnoDB DEFAULT CHARSET=utf8mb4 COLLATE=utf8mb4_unicode_ci;

-- --------------------------------------------------------

--
-- Table structure for table `items`
--

CREATE TABLE `items` (
  `id` bigint(20) UNSIGNED NOT NULL,
  `code` varchar(255) COLLATE utf8mb4_unicode_ci NOT NULL,
  `name` varchar(255) COLLATE utf8mb4_unicode_ci NOT NULL,
  `unit` varchar(255) COLLATE utf8mb4_unicode_ci NOT NULL,
  `item_category_id` bigint(20) UNSIGNED NOT NULL
) ENGINE=InnoDB DEFAULT CHARSET=utf8mb4 COLLATE=utf8mb4_unicode_ci;

--
-- Dumping data for table `items`
--

INSERT INTO `items` (`id`, `code`, `name`, `unit`, `item_category_id`) VALUES
(1, '10001', 'شراب وينر ظرف 9 غ محلى', 'ظرف', 1),
(2, '10002', 'شراب عمار ظرف 35 غ اصبع', 'ظرف ', 1),
(3, '10003', 'شراب عمار ظرف 35 غ مربع', 'ظرف ', 1),
(4, '10004', 'شراب عمار 650 غ', 'كيس', 1),
(5, '10005', 'شراب عمار 2 كغ علبة بلاستيك', 'علبة', 1),
(6, '10006', 'شراب محلى وينر دكما', 'كغ', 1),
(7, '10007', 'شراب محلى عمار دكما', 'كغ', 1),
(8, '10008', 'شراب عادي عمار دكما', 'كغ', 1),
(9, '10009', 'شراب عمار 10غ غير محلى', 'ظرف', 1),
(10, '10101', 'ميلو وينر علبة بلاستيك 200 غ', 'صندوق', 2),
(11, '10102', 'ميلو وينر ظرف 25 غ', 'ظرف', 2),
(12, '10103', 'ميلو الفائز علبة بلاستيك 250 غ', 'علبة', 2),
(13, '10104', 'ميلو الفائز ظرف 20غ', 'ظرف', 2),
(14, '10105', 'ميلو الفائز ظرف 20 غ * 12 علبة', 'ظرف', 2),
(15, '10106', 'ميلو الفائز دكما', 'كيس', 2),
(16, '10107', 'ميلو الفائز فرط', 'كغ', 2),
(17, '10108', 'ميلو الفائز 400 غ', 'كيس', 2),
(18, '10109', 'ميلو الفائز 800 غ', 'كيس', 2),
(19, '10110', 'ميلو وينر علبة بلاستيك 250 غ', 'علبة', 2),
(20, '10111', 'ميلو وينر ظرف 20 غ', 'ظرف', 2),
(21, '10112', 'ميلو وينر 800غ', 'كيس', 2),
(22, '10201', 'كابتشينو وينر علب', 'ظرف', 3),
(23, '10202', 'كابتشينو وينر دكما', 'كغ', 3),
(24, '10203', 'وينر 3*1 علب', 'ظرف', 3),
(25, '10204', 'وينر 3*1 مطربان', 'ظرف', 3),
(26, '10205', 'وينر 3*1 دكما', 'كغ', 3),
(27, '10301', 'سحلب وينر', 'ظرف', 4),
(28, '10304', 'سحلب وينر دكما', 'كغ', 4),
(29, '10401', 'شوكولا وينر 300 غ', 'علبة', 5),
(30, '10402', 'شوكولا وينر 700 غ', 'علبة', 5),
(31, '10403', 'شوكولا وينر دكما', 'كغ', 5),
(32, '20101', 'نكهة جوفيدان برتقال 74', 'كغ', 6),
(33, '20102', 'نكهة جوفيدان برتقال 75', 'كغ', 6),
(34, '20103', 'نكهة جوفيدان منكا', 'كغ', 6),
(35, '20104', 'نكهة جوفيدان منكا مصرية', 'كغ', 6),
(36, '20105', 'نكهة جوفيدان ليمون', 'كغ', 6),
(37, '20106', 'نكهة جوفيدان قشر ليمون', 'كغ', 6),
(38, '20107', 'نكهة جوفيدان توت', 'كغ', 6),
(39, '20108', 'نكهة جوفيدان اناناس', 'كغ', 6),
(40, '20109', 'نكهة جوفيدان دراق', 'كغ', 6),
(41, '20110', 'نكهة جوفيدان تفاح', 'كغ', 6),
(42, '20111', 'نكهة جوفيدان فريز', 'كغ', 6),
(43, '20112', 'نكهة جوفيدان فيمتو', 'كغ', 6),
(44, '20113', 'نكهة جوفيدان يوسفي', 'كغ', 6),
(45, '20114', 'نكهة جوفيدان قمر الدين', 'كغ', 6),
(46, '20115', 'كلاودي جوفيدان', 'كغ', 6),
(47, '20201', 'نكهة ارومسا برتقال', 'كغ', 7),
(48, '20202', 'نكهة ارومسا منكا', 'كغ', 7),
(49, '20203', 'نكهة ارومسا توت', 'كغ', 7),
(50, '20204', 'نكهة ارومسا ليمون', 'كغ', 7),
(51, '20205', 'نكهة ارومسا دراق', 'كغ', 7),
(52, '20206', 'نكهة ارومسا اناناس', 'كغ', 7),
(53, '20207', 'نكهة ارومسا تفاح', 'كغ', 7),
(54, '20208', 'نكهة ارومسا يوسفي', 'كغ', 7),
(55, '20209', 'نكهة ارومسا فريز', 'كغ', 7),
(56, '20210', 'نكهة ارومسا فيمتو', 'كغ', 7),
(57, '20211', 'نكهة ارومسا قمر الدين', 'كغ', 7),
(58, '20301', 'نكهة سمرايز برتقال 61', 'كغ', 8),
(59, '20302', 'نكهة سمرايز برتقال 56', 'كغ', 8),
(60, '20303', 'نكهة سمرايز منكا', 'كغ', 8),
(61, '20304', 'نكهة سمرايز توت', 'كغ', 8),
(62, '20305', 'نكهة سمرايز ليمون', 'كغ', 8),
(63, '20306', 'نكهة سمرايز اناناس', 'كغ', 8),
(64, '20307', 'نكهة سمرايز دراق', 'كغ', 8),
(65, '20308', 'نكهة سمرايز تفاح', 'كغ', 8),
(66, '20309', 'نكهة سمرايز فريز', 'كغ', 8),
(67, '20310', 'نكهة سمرايز فيمتو', 'كغ', 8),
(68, '20311', 'نكهة سمرايز يوسفي', 'كغ', 8),
(69, '20312', 'نكهة سمرايز قمر الدين', 'كغ', 8),
(70, '20313', 'نكهة سمرايز كابتشينو', 'كغ', 8),
(71, '20314', 'كلاودي سمرايز', 'كغ', 8),
(72, '20401', 'نكهة اروماتيك برتقال', 'كغ', 9),
(73, '20402', 'نكهة اروماتيك منكا', 'كغ', 9),
(74, '20403', 'نكهة اروماتيك توت', 'كغ', 9),
(75, '20404', 'نكهة اروماتيك توتي فروتي', 'كغ', 9),
(76, '20405', 'نكهة اروماتيك ليمون', 'كغ', 9),
(77, '20406', 'نكهة اروماتيك قشر ليمون', 'كغ', 9),
(78, '20407', 'نكهة اروماتيك دراق', 'كغ', 9),
(79, '20408', 'نكهة اروماتيك اناناس', 'كغ', 9),
(80, '20409', 'نكهة اروماتيك تفاح', 'كغ', 9),
(81, '20410', 'نكهة اروماتيك فريز', 'كغ', 9),
(82, '20411', 'نكهة اروماتيك فيمتو', 'كغ', 9),
(83, '20412', 'نكهة اروماتيك يوسفي', 'كغ', 9),
(84, '20413', 'نكهة اروماتيك قمر الدين', 'كغ', 9),
(85, '20414', 'نكهة فواكه استوائية اروماتيك', 'كغ', 9),
(86, '20415', 'نكهة كابتشينو أروماتيك', 'كغ', 9),
(87, '20501', 'نكهة امكو فيمتو', 'كغ', 10),
(88, '20601', 'نكهة برتقال وجزر اسبانية', 'كغ', 11),
(89, '20701', 'نكهة ماء زهر سائلة', 'كغ', 12),
(90, '20702', 'نكهة قرفة سائلة', 'كغ', 12),
(91, '20703', 'نكهة مستكة سائلة', 'كغ', 12),
(92, '22101', 'حمض الليمون', 'كغ', 13),
(93, '22102', 'سترات الصوديوم', 'كغ', 13),
(94, '22103', 'ثري كالسيوم فوسفات', 'كغ', 13),
(95, '22104', 'كاربوكسي ميتيل سيلليوز cmc', 'كغ', 13),
(96, '22105', 'مالتو دكسترين', 'كغ', 13),
(97, '22106', 'اكزنتان', 'كغ', 13),
(98, '22107', 'سيلكا', 'كغ', 13),
(99, '22108', 'اكسيد التيتانيوم', 'كغ', 13),
(100, '22109', 'اسبرتام', 'كغ', 13),
(101, '22110', 'اسيسلفام', 'كغ', 13),
(102, '22111', 'ملح طعام', 'كغ', 13),
(103, '22201', 'كاكاو 10/12', 'كغ', 14),
(104, '22202', 'مصل الحليب', 'كغ', 14),
(105, '22203', 'فانيليا', 'كغ', 14),
(106, '22301', 'مبيض قهوة', 'كغ', 15),
(107, '22302', 'رغوة', 'كغ', 15),
(108, '22303', 'قهوة سريعة', 'كغ', 15),
(109, '22401', 'صمغ غوار', 'كغ', 16),
(110, '22402', 'نشاء معدل', 'كغ', 16),
(111, '22403', 'حليب مجفف', 'كغ', 16),
(112, '22404', 'جوز هند', 'كغ', 16),
(113, '22405', 'قرفة ناعمة', 'كغ', 16),
(114, '22406', 'خميرة', 'كغ', 16),
(115, '23101', 'ملون برتقالي 110', 'كغ', 17),
(116, '23102', 'ملون اصفر 102', 'كغ', 17),
(117, '23103', 'ملون احمر 122', 'كغ', 17),
(118, '23104', 'ملون اسود 151', 'كغ', 17),
(119, '23105', 'ملون ازرق مائي 133', 'كغ', 17),
(120, '30101', 'رول وينر 9 غ برتقال', 'كغ', 18),
(121, '30102', 'رول وينر 9 غ منكا', 'كغ', 18),
(122, '30103', 'رول وينر 9 غ توت', 'كغ', 18),
(123, '30104', 'رول وينر 9 غ ليمون', 'كغ', 18),
(124, '30105', 'رول وينر 9 غ اناناس', 'كغ', 18),
(125, '30106', 'رول وينر 9 غ دراق', 'كغ', 18),
(126, '30107', 'رول وينر 9 غ تفاح احمر', 'كغ', 18),
(127, '30108', 'رول وينر 9 غ تفاح اخضر', 'كغ', 18),
(128, '30109', 'رول وينر 9 غ فريز', 'كغ', 18),
(129, '30110', 'رول وينر 9 غ فيمتو', 'كغ', 18),
(130, '30111', 'رول وينر 9 غ قمر الدين', 'كغ', 18),
(131, '30112', 'رول وينر 9 غ تمر هندي', 'كغ', 18),
(132, '30201', 'رول عمار 35 غ برتقال', 'كغ', 19),
(133, '30202', 'رول عمار 35 غ منكا', 'كغ', 19),
(134, '30203', 'رول عمار 35 غ توت', 'كغ', 19),
(135, '30204', 'رول عمار 35 غ ليمون', 'كغ', 19),
(136, '30205', 'رول عمار 35 غ اناناس', 'كغ', 19),
(137, '30206', 'رول عمار 35 غ دراق', 'كغ', 19),
(138, '30207', 'رول عمار 35 غ تفاح اخضر', 'كغ', 19),
(139, '30208', 'رول عمار 35 غ فريز', 'كغ', 19),
(140, '30209', 'رول عمار 35 غ فيمتو', 'كغ', 19),
(141, '30210', 'رول عمار 35 غ قمر الدين', 'كغ', 19),
(142, '30211', 'رول عمار 35 غ يوسفي', 'كغ', 19),
(143, '30301', 'رول عمار 35 غ اصبع برتقال', 'كغ', 20),
(144, '30302', 'رول عمار 35 غ اصبع منكا', 'كغ', 20),
(145, '30303', 'رول عمار 35 غ اصبع توت', 'كغ', 20),
(146, '30304', 'رول عمار 35 غ اصبع ليمون', 'كغ', 20),
(147, '30305', 'رول عمار 35 غ اصبع اناناس', 'كغ', 20),
(148, '30306', 'رول عمار 35 غ اصبع دراق', 'كغ', 20),
(149, '30307', 'رول عمار 35 غ اصبع تفاح اخضر', 'كغ', 20),
(150, '30308', 'رول عمار 35 غ اصبع فريز', 'كغ', 20),
(151, '30309', 'رول عمار 35 غ اصبع فيمتو', 'كغ', 20),
(152, '30310', 'رول عمار 35 غ اصبع برتقال وجزر', 'كغ', 20),
(153, '30311', 'رول عمار 35 غ اصبع يوسفي', 'كغ', 20),
(154, '30312', 'رول عمار 35 غ اصبع قمر الدين', 'كغ', 20),
(155, '30401', 'رول وينر ظرف 20غ بني متلايز', 'كغ', 21),
(156, '30402', 'رول وينر ظرف 20غ بني قصدير', 'كغ', 21),
(157, '30403', 'رول الفائز ظرف 20غ اخضر متلايز', 'كغ', 21),
(158, '30404', 'رول الفائز ظرف 20غ اخضر قصدير', 'كغ', 21),
(159, '30405', 'رول متلايز فضي', 'كغ', 21),
(160, '30406', 'رول الفائز 400 غ قصدير', 'كغ', 21),
(161, '30407', 'رول الفائز 800 غ قصدير', 'كغ', 21),
(162, '30408', 'رول متلايز فضي راكد', 'كغ', 21),
(163, '30409', 'رول وينر 800غ قصدير', 'كغ', 21),
(164, '30501', 'رول وينر كابتشينو متلايز', 'كغ', 22),
(165, '30502', 'رول وينر كابتشينو قصدير', 'كغ', 22),
(166, '30503', 'رول وينر 3*1 متلايز', 'كغ', 22),
(167, '30504', 'رول وينر 3*1 قصدير', 'كغ', 22),
(168, '30505', 'رول وينر 1/2', 'كغ', 22),
(169, '30506', 'رول وينر هوت شوكلت', 'كغ', 22),
(170, '30601', 'رول وينر سحلب جوز هند', 'كغ', 23),
(171, '30602', 'رول وينر سحلب قرفة', 'كغ', 23),
(172, '30603', 'رول وينر سحلب مستكة', 'كغ', 23),
(173, '30701', 'رول شرنك 60 سم', 'كغ', 24),
(174, '30702', 'رول شرنك 49.5 سم', 'كغ', 24),
(175, '30703', 'رول ستريتش', 'صندوق', 24),
(176, '30801', 'رول عمار 10 غ غير محلى برتقال', 'كغ', 25),
(177, '30802', 'رول عمار 10 غ غير محلى منكا', 'كغ ', 25),
(178, '30803', 'رول عمار 10 غ غير محلى توت', 'كغ ', 25),
(179, '30804', 'رول عمار 10 غ غير محلى ليمون', 'كغ ', 25),
(180, '30805', 'رول عمار 10 غ غير محلى فريز', 'كغ ', 25),
(181, '30806', 'رول عمار 10 غ غير محلى توت راكد', 'كغ ', 25),
(182, '30807', 'رول عمار 10 غ غير محلى فريز راكد', 'كغ ', 25),
(183, '30901', 'رول عمار 650 غ برتقال', 'كغ', 26),
(184, '30902', 'رول عمار 650 غ منكا', 'كغ ', 26),
(185, '30903', 'رول عمار 650 غ توت', 'كغ ', 26),
(186, '30904', 'رول عمار 650 غ ليمون', 'كغ ', 26),
(187, '30905', 'رول عمار 650 غ اناناس', 'كغ ', 26),
(188, '30906', 'رول عمار 650 غ دراق', 'كغ ', 26),
(189, '30907', 'رول عمار 650 غ تفاح اخضر', 'كغ ', 26),
(190, '30908', 'رول عمار 650 غ فريز', 'كغ ', 26),
(191, '30909', 'رول عمار 650 غ فيمتو', 'كغ ', 26),
(192, '30910', 'رول عمار 650 غ يوسفي', 'كغ ', 26),
(193, '30911', 'رول عمار 650 غ قمر الدين', 'كغ ', 26),
(194, '31001', 'رول عمار 45 غ برتقال', 'كغ', 27),
(195, '31002', 'رول عمار 45 غ منكا', 'كغ ', 27),
(196, '31003', 'رول عمار 45 غ توت', 'كغ ', 27),
(197, '31004', 'رول عمار 45 غ ليمون', 'كغ ', 27),
(198, '31005', 'رول عمار 45 غ قمر الدين', 'كغ ', 27),
(199, '31101', 'رول عمار 600 غ برتقال', 'كغ', 28),
(200, '31102', 'رول عمار 600 غ منكا', 'كغ', 28),
(201, '31103', 'رول عمار 600 غ توت', 'كغ', 28),
(202, '31104', 'رول عمار 600 غ ليمون', 'كغ', 28),
(203, '31105', 'رول عمار 600 غ اناناس', 'كغ', 28),
(204, '40101', 'صندوق خارجي عمار 35 غ برتقال', 'كرتونة', 29),
(205, '40102', 'صندوق خارجي عمار 35 غ منكا', 'كرتونة', 29),
(206, '40103', 'صندوق خارجي عمار 35 غ توت', 'كرتونة', 29),
(207, '40104', 'صندوق خارجي عمار 35 غ ليمون', 'كرتونة', 29),
(208, '40105', 'صندوق خارجي عمار 35 غ اناناس', 'كرتونة', 29),
(209, '40106', 'صندوق خارجي عمار 35 غ تفاح', 'كرتونة', 29),
(210, '40107', 'صندوق خارجي عمار 35 غ قمر الدين', 'كرتونة', 29),
(211, '40201', 'صندوق خارجي عمار 35 غ اصبع برتقال', 'كرتونة', 30),
(212, '40202', 'صندوق خارجي عمار 35 غ اصبع منكا', 'كرتونة', 30),
(213, '40203', 'صندوق خارجي عمار 35 غ اصبع توت', 'كرتونة', 30),
(214, '40204', 'صندوق خارجي عمار 35 غ اصبع ليمون', 'كرتونة', 30),
(215, '40205', 'صندوق خارجي عمار 35 غ اصبع اناناس', 'كرتونة', 30),
(216, '40206', 'صندوق خارجي عمار 35 غ اصبع تفاح اخضر', 'كرتونة', 30),
(217, '40207', 'صندوق خارجي عمار 35 غ اصبع فريز', 'كرتونة', 30),
(218, '40208', 'صندوق خارجي عمار 35 غ اصبع فيمتو', 'كرتونة', 30),
(219, '40209', 'صندوق خارجي عمار 35 غ اصبع قمر الدين', 'كرتونة', 30),
(220, '40210', 'صندوق خارجي عمار 35 غ اصبع يوسفي', 'كرتونة', 30),
(221, '40211', 'صندوق خارجي عمار 35 غ اصبع دراق', 'كرتونة', 30),
(222, '40301', 'كرتون خارجي الفائز ظرف 20 غ', 'كرتونة', 31),
(223, '40302', 'كرتون خارجي الفائز ظرف 20 غ علب', 'كرتونة', 31),
(224, '40303', 'كرتون خارجي وينر ظرف 20 غ', 'كرتونة', 31),
(225, '40304', 'كرتون خارجي الفائز 400 غ', 'كرتونة', 31),
(226, '40305', 'كرتون الفائز خارجي 800 غ', 'كرتونة', 31),
(227, '40306', 'كرتون الفائز خارجي دكما', 'كرتونة', 31),
(228, '40307', 'كرتون وينر خارجي 800 غ', 'كرتونة', 31),
(229, '40401', 'صندوق خارجي وينر 3*1 علب', 'كرتونة', 32),
(230, '40402', 'صندوق خارجي وينر 3*1 مطربان', 'كرتونة', 32),
(231, '40403', 'صندوق خارجي كابتشينو كلاسيك', 'كرتونة', 32),
(232, '40501', 'صندوق خارجي سحلب وينر جوز هند', 'كرتونة', 33),
(233, '40502', 'صندوق خارجي سحلب وينر قرفة', 'كرتونة', 33),
(234, '40503', 'صندوق خارجي سحلب وينر مستكة', 'كرتونة', 33),
(235, '40601', 'صندوق خارجي وينر شوكولا 300 غ', 'كرتونة', 34),
(236, '40602', 'صندوق خارجي وينر شوكولا 700 غ', 'كرتونة', 34),
(237, '40701', 'صندوق خارجي وينر 9 غ ازرق', 'كرتونة', 35),
(238, '40801', 'صندوق خارجي عمار غير محلى 10غ', 'كرتونة', 36),
(239, '40901', 'صندوق خارجي عمار 650 غ برتقال', 'كرتونة', 37),
(240, '40902', 'صندوق خارجي عمار 650 غ منكا', 'كرتونة', 37),
(241, '40903', 'صندوق خارجي عمار 650 غ توت', 'كرتونة', 37),
(242, '40904', 'صندوق خارجي عمار 650 غ ليمون', 'كرتونة', 37),
(243, '40905', 'صندوق خارجي عمار 650 غ اناناس', 'كرتونة', 37),
(244, '40906', 'صندوق خارجي عمار 650 غ تفاح', 'كرتونة', 37),
(245, '40907', 'صندوق خارجي عمار 650 غ دراق', 'كرتونة', 37),
(246, '40908', 'صندوق خارجي عمار 650 غ فريز', 'كرتونة', 37),
(247, '40909', 'صندوق خارجي عمار 650 غ فيمتو', 'كرتونة', 37),
(248, '40910', 'صندوق خارجي عمار 650 غ يوسفي', 'كرتونة', 37),
(249, '40911', 'صندوق خارجي عمار 650 غ قمر الدين', 'كرتونة', 37),
(250, '40912', 'صندوق خارجي عمار 650 غ ابيض', 'كرتونة', 37),
(251, '40913', 'صندوق خارجي عمار 600 غ اسمر', 'كرتونة', 37),
(252, '40914', 'كرتون خارجي عمار علب تنك', 'كرتونة', 37),
(253, '40915', 'كرتون خارجي لزوم ترمس 35 غ اصبع', 'كرتونة', 37),
(254, '42101', 'صحن كرتون وينر علب + فائز علب', 'قطعة', 38),
(255, '50101', 'علبة كرتون داخلي وينر 9 غ برتقال', 'علبة', 39),
(256, '50102', 'علبة كرتون داخلي وينر 9 غ منكا', 'علبة', 39),
(257, '50103', 'علبة كرتون داخلي وينر 9 غ توت', 'علبة', 39),
(258, '50104', 'علبة كرتون داخلي وينر 9 غ ليمون', 'علبة', 39),
(259, '50105', 'علبة كرتون داخلي وينر 9 غ اناناس', 'علبة', 39),
(260, '50106', 'علبة كرتون داخلي وينر 9 غ دراق', 'علبة', 39),
(261, '50107', 'علبة كرتون داخلي وينر 9 غ تفاح احمر', 'علبة', 39),
(262, '50108', 'علبة كرتون داخلي وينر 9 غ تفاح اخضر', 'علبة', 39),
(263, '50109', 'علبة كرتون داخلي وينر 9 غ فريز', 'علبة', 39),
(264, '50110', 'علبة كرتون داخلي وينر 9 غ فيمتو', 'علبة', 39),
(265, '50111', 'علبة كرتون داخلي وينر 9 غ قمر الدين', 'علبة', 39),
(266, '50112', 'علبة كرتون داخلي وينر 9 غ تمر هندي', 'علبة', 39),
(267, '50201', 'علبة كرتون داخلي عمار 35 غ برتقال', 'علبة', 40),
(268, '50202', 'علبة كرتون داخلي عمار 35 غ منكا', 'علبة', 40),
(269, '50203', 'علبة كرتون داخلي عمار 35 غ توت', 'علبة', 40),
(270, '50204', 'علبة كرتون داخلي عمار 35 غ ليمون', 'علبة', 40),
(271, '50205', 'علبة كرتون داخلي عمار 35 غ اناناس', 'علبة', 40),
(272, '50206', 'علبة كرتون داخلي عمار 35 غ قمر الدين', 'علبة', 40),
(273, '50301', 'علبة كرتون داخلي عمار 35 غ اصبع برتقال', 'علبة', 41),
(274, '50302', 'علبة كرتون داخلي عمار 35 غ اصبع منكا', 'علبة', 41),
(275, '50303', 'علبة كرتون داخلي عمار 35 غ اصبع توت', 'علبة', 41),
(276, '50304', 'علبة كرتون داخلي عمار 35 غ اصبع ليمون', 'علبة', 41),
(277, '50305', 'علبة كرتون داخلي عمار 35 غ اصبع اناناس', 'علبة', 41),
(278, '50306', 'علبة كرتون داخلي عمار 35 غ اصبع تفاح اخضر', 'علبة', 41),
(279, '50307', 'علبة كرتون داخلي عمار 35 غ اصبع دراق', 'علبة', 41),
(280, '50308', 'علبة كرتون داخلي عمار 35 غ اصبع فريز', 'علبة', 41),
(281, '50309', 'علبة كرتون داخلي عمار 35 غ اصبع فيمتو', 'علبة', 41),
(282, '50310', 'علبة كرتون داخلي عمار 35 غ اصبع يوسفي', 'علبة', 41),
(283, '50311', 'علبة كرتون داخلي عمار 35 غ اصبع قمر الدين', 'علبة', 41),
(284, '50312', 'علبة كرتون داخلي عمار 35 غ اصبع برتقال وجزر', 'علبة', 41),
(285, '50401', 'علبة كرتون داخلي عمار 10 غ غير محلى برتقال', 'علبة', 42),
(286, '50402', 'علبة كرتون داخلي عمار 10 غ غير محلى منكا', 'علبة ', 42),
(287, '50403', 'علبة كرتون داخلي عمار 10 غ غير محلى توت', 'علبة ', 42),
(288, '50404', 'علبة كرتون داخلي عمار 10 غ غير محلى ليمون', 'علبة ', 42),
(289, '50405', 'علبة كرتون داخلي عمار 10 غ غير محلى اناناس', 'علبة ', 42),
(290, '50406', 'علبة كرتون داخلي عمار 10 غ غير محلى فريز', 'علبة ', 42),
(291, '50407', 'علبة كرتون داخلي عمار 10 غ غير محلى توت راكد', 'علبة ', 42),
(292, '50408', 'علبة كرتون داخلي عمار 10 غ غير محلى فريزراكد', 'علبة ', 42),
(293, '50501', 'علبة كرتون داخلي وينر كابتشينو كلاسيك', 'علبة', 43),
(294, '50502', 'علبة كرتون داخلي وينر 3*1', 'علبة', 43),
(295, '50503', 'علبة كرتون داخلي الفائز 20غ*12 ظرف', 'علبة', 43),
(296, '50601', 'علبة كرتون داخلي سحلب وينر جوز هند', 'علبة', 44),
(297, '50602', 'علبة كرتون داخلي سحلب وينر قرفة', 'علبة', 44),
(298, '50603', 'علبة كرتون داخلي سحلب وينر مستكة', 'علبة', 44),
(299, '52101', 'علبة بلاستيك وينر اي ام ال مع غطاء مكلشنة', 'علبة', 45),
(300, '52102', 'علبة بلاستيك الفائز اي ام ال مع غطاء مكلشنة', 'علبة', 45),
(301, '52103', 'علبة بلاستيك شوكولا وينر 300 غ', 'علبة', 45),
(302, '52104', 'علبة بلاستيك شوكولا وينر 700 غ', 'علبة', 45),
(303, '52105', 'غطاء علبة شوكولا وينر', 'غطاء', 45),
(304, '52106', 'مطربان شفاف مضلع وينر 3*1', 'مطربان', 45),
(305, '52107', 'علبة بلاستيك شراب عمار 2 كغ برتقال', 'علبة', 45),
(306, '52108', 'علبة بلاستيك شراب عمار 2 كغ منكا', 'علبة', 45),
(307, '52109', 'علبة بلاستيك شراب عمار 2 كغ توت', 'علبة', 45),
(308, '52110', 'علبة بلاستيك شراب عمار 2 كغ ليمون', 'علبة', 45),
(309, '52111', 'علبة بلاستيك شراب عمار 2 كغ اناناس', 'علبة', 45),
(310, '52112', 'علبة بلاستيك شراب عمار 2 كغ دراق', 'علبة', 45),
(311, '52113', 'غطاء علبة شراب عمار 2 كغ بلاستيك اخضر', 'كغ', 45),
(312, '52114', 'علبة بلاستيك وينر اي ام ال بدون غطاء لبنان', 'علبة', 45),
(313, '53101', 'كليشات وينر 3*1 مطربان', 'طقم ستيكر', 46),
(314, '53102', 'كليشات شوكولا وينر 300 غ محيط', 'لصاقة', 46),
(315, '53103', 'كليشات شوكولا وينر غطاء', 'لصاقة', 46),
(316, '53104', 'كليشات شوكولا وينر 700 غ محيط', 'لصاقة', 46),
(317, '53105', 'كليشات شوكولا وينر 700 غ غطاء', 'كليشة', 46),
(318, '53106', 'لصاقة علبة 2 كغ شراب عمار برتقال', 'طقم ستيكر', 46),
(319, '53107', 'لصاقة علبة 2 كغ شراب عمار منكا', 'طقم ستيكر', 46),
(320, '53108', 'لصاقة علبة 2 كغ شراب عمار توت', 'طقم ستيكر', 46),
(321, '53109', 'لصاقة علبة 2 كغ شراب عمار ليمون', 'طقم ستيكر', 46),
(322, '53110', 'لصاقة علبة 2 كغ شراب عمار اناناس', 'طقم ستيكر', 46),
(323, '53111', 'لصاقة علبة 2 كغ شراب عمار دراق', 'طقم ستيكر', 46),
(324, '53112', 'لصاقة علبة 2 كغ شراب عمار تفاح اخضر', 'طقم ستيكر', 46),
(325, '53113', 'لصاقة علبة 2 كغ شراب عمار فريز', 'طقم ستيكر', 46),
(326, '53114', 'لصاقة علبة 2 كغ شراب عمار فيمتو', 'طقم ستيكر', 46),
(327, '53115', 'لصاقة علبة 2 كغ شراب عمار يوسفي', 'طقم ستيكر', 46),
(328, '53116', 'لصاقة علبة 2 كغ شراب عمار قمر الدين', 'طقم ستيكر', 46),
(329, '55101', 'أكياس نايلون 30 *30 سم', 'كغ', 47),
(330, '55102', 'أكياس نايلون الفائز دكما', 'كغ', 47),
(331, '55103', 'أكياس نايلون كابتشينو وينر دكما', 'كغ', 47),
(332, '55104', 'أكياس نايلون 3*1 وينر دكما', 'كغ', 47),
(333, '55105', 'أكياس نايلون لزوم شراب 650 غ', 'كغ', 47),
(334, '55106', 'أكياس شرنك تغليف 10 غ غير محلى', 'كغ', 47),
(335, '59101', 'لزيق شفاف عريض', 'صندوق', 48),
(336, '59111', 'أكياس شنتة دعاية', 'كغ', 48),
(337, '60101', 'سكر', 'كغ', 49),
(338, '60121', 'ميلو جاهز', 'كغ', 49),
(339, '60122', 'ميلو جاهز مع مبيض', 'كغ', 49),
(340, '64101', 'حبر سائل', 'لنر', 50),
(341, '64102', 'مذيب حبر', 'لتر', 50),
(342, '64103', 'سائل غسيل الطابعة', 'لتر', 50),
(343, '64104', 'اسيتون', 'كغ ', 50),
(344, '64105', 'قطع قماش لزوم تنظيف', 'كغ', 50),
(345, '64106', 'معلقات وينر', 'قطعة', 50),
(346, '65101', 'كلور', 'كغ', 51),
(347, '65102', 'سائل جلي', 'كغ', 51),
(348, '65103', 'مواد تنظيف مختلفة', 'كغ', 51),
(349, '67101', 'مازوت', 'ليتر', 52),
(350, '67102', 'بنزين', 'ليتر', 52),
(351, '67103', 'فيول', 'ليتر', 52),
(352, '67104', 'غاز', 'ليتر', 52),
(353, '67105', 'زيت لزوم المولدة', 'ليتر', 52),
(354, '68101', 'طبالي', 'قطعة', 53),
(355, '68102', 'سلل بلاستيك', 'قطعة', 53),
(356, '68103', 'سطل بلاستيك', 'قطعة', 53),
(357, '68104', 'غربال', 'قطعة', 53),
(358, '68105', 'خيطان تربيط', 'قطعة', 53),
(359, '68106', 'كفوف مطاط', 'علبة', 53),
(360, '68107', 'طاقية', 'طاقية', 53),
(361, '68108', 'كنزة صيفي تيشرت', 'تيشرت', 53),
(362, '68109', 'سجادة صلاة', 'سجادة', 53);

-- --------------------------------------------------------

--
-- Table structure for table `item_categories`
--

CREATE TABLE `item_categories` (
  `id` bigint(20) UNSIGNED NOT NULL,
  `code` varchar(255) COLLATE utf8mb4_unicode_ci NOT NULL,
  `name` varchar(255) COLLATE utf8mb4_unicode_ci NOT NULL,
  `item_main_category_id` bigint(20) UNSIGNED NOT NULL
) ENGINE=InnoDB DEFAULT CHARSET=utf8mb4 COLLATE=utf8mb4_unicode_ci;

--
-- Dumping data for table `item_categories`
--

INSERT INTO `item_categories` (`id`, `code`, `name`, `item_main_category_id`) VALUES
(1, '-100', 'الشراب', 1),
(2, '-101', 'الميلو', 1),
(3, '-102', 'الكابتشينو', 1),
(4, '-103', 'السحلب', 1),
(5, '-104', 'شوكولا', 1),
(6, '-201', 'نكهة جوفيدان', 2),
(7, '-202', 'نكهة ارومسا', 2),
(8, '-203', 'نكهة سمرايز', 2),
(9, '-204', 'نكهة اروماتيك', 2),
(10, '-205', 'نكهة امكو', 2),
(11, '-206', 'نكهة برتقال وجزر', 2),
(12, '-207', 'منكهات سائلة', 2),
(13, '-221', 'مواد الشراب', 2),
(14, '-222', 'مواد الميلو', 2),
(15, '-223', 'مواد الكابتشينو و 3*1', 2),
(16, '-224', 'مواد السحلب', 2),
(17, '-231', 'الملونات', 2),
(18, '-301', 'رولات 9غ', 3),
(19, '-302', 'رولات 35 غ', 3),
(20, '-303', 'رولات 35 غ اصبع', 3),
(21, '-304', 'رولات الميلو', 3),
(22, '-305', 'رولات 3*1 وكابتشينو', 3),
(23, '-306', 'رولات سحلب', 3),
(24, '-307', 'رولات تغليف', 3),
(25, '-308', 'رولات غير محلى', 3),
(26, '-309', 'رول شراب 650غ', 3),
(27, '-310', 'رول 45 غ', 3),
(28, '-311', 'رول 600 غ', 3),
(29, '-401', 'صناديق 35غ', 4),
(30, '-402', 'صناديق 35غ اصبع', 4),
(31, '-403', 'صناديق الميلو', 4),
(32, '-404', 'صناديق 3*1 وكابتشينو', 4),
(33, '-405', 'صناديق السحلب', 4),
(34, '-406', 'صناديق الشوكولا', 4),
(35, '-407', 'صناديق 9غ', 4),
(36, '-408', 'صناديق 10غ غير محلى', 4),
(37, '-409', 'صناديق شراب 650غ', 4),
(38, '-421', 'صحون خارجية', 4),
(39, '-501', 'علب 9غ', 5),
(40, '-502', 'علب 35 غ', 5),
(41, '-503', 'علب 35 غ اصبع', 5),
(42, '-504', 'علب غير محلى', 5),
(43, '-505', 'علب داخلية كابتشينو 3*1', 5),
(44, '-506', 'علب السحلب الداخلية', 5),
(45, '-521', 'علب البلاستيك', 5),
(46, '-531', 'الكليشات', 5),
(47, '-551', 'الأكياس', 5),
(48, '-591', 'مواد متفرقة', 5),
(49, '-601', 'السكر والميلو الجاهز للتصنيع', 6),
(50, '-641', 'مواد ومستلزمات الطباعة', 6),
(51, '-651', 'مواد تنظيف', 6),
(52, '-671', 'المحروقات', 6),
(53, '-681', 'مستلزمات الانتاج', 6);

-- --------------------------------------------------------

--
-- Table structure for table `item_main_categories`
--

CREATE TABLE `item_main_categories` (
  `id` bigint(20) UNSIGNED NOT NULL,
  `code` varchar(255) COLLATE utf8mb4_unicode_ci NOT NULL,
  `name` varchar(255) COLLATE utf8mb4_unicode_ci NOT NULL,
  `department_id` bigint(20) UNSIGNED DEFAULT NULL
) ENGINE=InnoDB DEFAULT CHARSET=utf8mb4 COLLATE=utf8mb4_unicode_ci;

--
-- Dumping data for table `item_main_categories`
--

INSERT INTO `item_main_categories` (`id`, `code`, `name`, `department_id`) VALUES
(1, '-1', 'المواد الجاهزة', NULL),
(2, '-2', 'المنكهات الصناعية والمواد الأولية', NULL),
(3, '-3', 'مواد الرولات', NULL),
(4, '-4', 'الصناديق الخارجية', NULL),
(5, '-5', 'العلب والكليشات والأكياس', NULL),
(6, '-6', 'مواد مختلفة لزوم الانتاج', NULL);

-- --------------------------------------------------------

--
-- Table structure for table `item_receipt`
--

CREATE TABLE `item_receipt` (
  `id` bigint(20) UNSIGNED NOT NULL,
  `receipt_id` bigint(20) UNSIGNED NOT NULL,
  `item_id` bigint(20) UNSIGNED NOT NULL,
  `value` bigint(20) NOT NULL,
  `created_at` timestamp NULL DEFAULT NULL,
  `updated_at` timestamp NULL DEFAULT NULL
) ENGINE=InnoDB DEFAULT CHARSET=utf8mb4 COLLATE=utf8mb4_unicode_ci;

--
-- Dumping data for table `item_receipt`
--

INSERT INTO `item_receipt` (`id`, `receipt_id`, `item_id`, `value`, `created_at`, `updated_at`) VALUES
(1, 1, 1, 3, NULL, NULL),
(2, 1, 4, 1, NULL, NULL);

-- --------------------------------------------------------

--
-- Table structure for table `item_transformation`
--

CREATE TABLE `item_transformation` (
  `id` bigint(20) UNSIGNED NOT NULL,
  `transformation_id` bigint(20) UNSIGNED NOT NULL,
  `item_id` bigint(20) UNSIGNED NOT NULL,
  `value` bigint(20) NOT NULL,
  `isInput` tinyint(1) NOT NULL,
  `created_at` timestamp NULL DEFAULT NULL,
  `updated_at` timestamp NULL DEFAULT NULL
) ENGINE=InnoDB DEFAULT CHARSET=utf8mb4 COLLATE=utf8mb4_unicode_ci;

--
-- Dumping data for table `item_transformation`
--

INSERT INTO `item_transformation` (`id`, `transformation_id`, `item_id`, `value`, `isInput`, `created_at`, `updated_at`) VALUES
(1, 1, 1, 3, 1, NULL, NULL),
(2, 1, 2, 3, 1, NULL, NULL),
(3, 1, 4, 1, 0, NULL, NULL);

-- --------------------------------------------------------

--
-- Table structure for table `item_units`
--

CREATE TABLE `item_units` (
  `id` bigint(20) UNSIGNED NOT NULL,
  `name` varchar(255) COLLATE utf8mb4_unicode_ci NOT NULL,
  `conversion_factor` int(10) UNSIGNED NOT NULL,
  `item_id` bigint(20) UNSIGNED NOT NULL
) ENGINE=InnoDB DEFAULT CHARSET=utf8mb4 COLLATE=utf8mb4_unicode_ci;

--
-- Dumping data for table `item_units`
--

INSERT INTO `item_units` (`id`, `name`, `conversion_factor`, `item_id`) VALUES
(1, 'علبة', 24, 1),
(2, 'طرد', 288, 1),
(3, 'علبة', 12, 2),
(4, 'طرد', 144, 2),
(5, 'علبة', 12, 3),
(6, 'طرد', 72, 3),
(7, 'صندوق', 12, 4),
(8, 'صندوق', 6, 5),
(9, 'علبة', 48, 9),
(10, 'طرد', 288, 9),
(11, 'علبة', 12, 10),
(12, 'علبة', 100, 11),
(13, 'صندوق', 200, 11),
(14, 'صندوق', 12, 12),
(15, 'علبة', 96, 13),
(16, 'طرد', 192, 13),
(17, 'علبة', 12, 14),
(18, 'صندوق', 144, 14),
(19, 'صندوق', 2, 15),
(20, 'كيس', 0, 16),
(21, 'صندوق', 20, 17),
(22, 'صندوق', 10, 18),
(23, 'صندوق', 12, 19),
(24, 'علبة', 100, 20),
(25, 'طرد', 200, 20),
(26, 'صندوق', 10, 21),
(27, 'علبة', 20, 22),
(28, 'طرد', 240, 22),
(29, 'علبة', 24, 24),
(30, 'طرد', 288, 24),
(31, 'مرطبان', 35, 25),
(32, 'طرد', 210, 25),
(33, 'علبة', 10, 27),
(34, 'طرد', 120, 27),
(35, 'صندوق', 12, 29),
(36, 'صندوق', 6, 30),
(37, 'طن', 1000, 31),
(38, 'رول', 0, 120),
(39, 'رول', 0, 121),
(40, 'رول', 0, 122),
(41, 'رول', 0, 123),
(42, 'رول', 0, 124),
(43, 'رول', 0, 125),
(44, 'رول', 0, 126),
(45, 'رول', 0, 127),
(46, 'رول', 0, 128),
(47, 'رول', 0, 129),
(48, 'رول', 0, 130),
(49, 'رول', 0, 131),
(50, 'رول', 0, 132),
(51, 'رول', 0, 133),
(52, 'رول', 0, 134),
(53, 'رول', 0, 135),
(54, 'رول', 0, 136),
(55, 'رول', 0, 137),
(56, 'رول', 0, 138),
(57, 'رول', 0, 139),
(58, 'رول', 0, 140),
(59, 'رول', 0, 141),
(60, 'رول', 0, 142),
(61, 'رول', 0, 143),
(62, 'رول', 0, 144),
(63, 'رول', 0, 145),
(64, 'رول', 0, 146),
(65, 'رول', 0, 147),
(66, 'رول', 0, 148),
(67, 'رول', 0, 149),
(68, 'رول', 0, 150),
(69, 'رول', 0, 151),
(70, 'رول', 0, 152),
(71, 'رول', 0, 153),
(72, 'رول', 0, 154),
(73, 'رول', 0, 155),
(74, 'رول', 0, 156),
(75, 'رول', 0, 157),
(76, 'رول', 0, 158),
(77, 'رول', 0, 159),
(78, 'رول', 0, 160),
(79, 'رول', 0, 161),
(80, 'رول', 0, 162),
(81, 'رول', 0, 163),
(82, 'رول', 0, 164),
(83, 'رول', 0, 165),
(84, 'رول', 0, 166),
(85, 'رول', 0, 167),
(86, 'رول', 0, 168),
(87, 'رول', 0, 169),
(88, 'رول', 0, 170),
(89, 'رول', 0, 171),
(90, 'رول', 0, 172),
(91, 'رول', 0, 173),
(92, 'رول', 0, 174),
(93, 'رول', 0, 175),
(94, 'رول', 0, 176),
(95, 'رول', 0, 177),
(96, 'رول', 0, 178),
(97, 'رول', 0, 179),
(98, 'رول', 0, 180),
(99, 'رول', 0, 181),
(100, 'رول', 0, 182),
(101, 'رول', 0, 183),
(102, 'رول', 0, 184),
(103, 'رول', 0, 185),
(104, 'رول', 0, 186),
(105, 'رول', 0, 187),
(106, 'رول', 0, 188),
(107, 'رول', 0, 189),
(108, 'رول', 0, 190),
(109, 'رول', 0, 191),
(110, 'رول', 0, 192),
(111, 'رول', 0, 193),
(112, 'رول', 0, 194),
(113, 'رول', 0, 195),
(114, 'رول', 0, 196),
(115, 'رول', 0, 197),
(116, 'رول', 0, 198),
(117, 'رول', 0, 199),
(118, 'رول', 0, 200),
(119, 'رول', 0, 201),
(120, 'رول', 0, 202),
(121, 'رول', 0, 203),
(122, 'ربطة', 0, 204),
(123, 'ربطة', 0, 205),
(124, 'ربطة', 0, 206),
(125, 'ربطة', 0, 207),
(126, 'ربطة', 0, 208),
(127, 'ربطة', 0, 209),
(128, 'ربطة', 0, 210),
(129, 'ربطة', 0, 211),
(130, 'ربطة', 0, 212),
(131, 'ربطة', 0, 213),
(132, 'ربطة', 0, 214),
(133, 'ربطة', 0, 215),
(134, 'ربطة', 0, 216),
(135, 'ربطة', 0, 217),
(136, 'ربطة', 0, 218),
(137, 'ربطة', 0, 219),
(138, 'ربطة', 0, 220),
(139, 'ربطة', 0, 221),
(140, 'ربطة', 0, 222),
(141, 'ربطة', 0, 223),
(142, 'ربطة', 0, 224),
(143, 'ربطة', 0, 225),
(144, 'ربطة', 0, 226),
(145, 'ربطة', 0, 227),
(146, 'ربطة', 0, 228),
(147, 'ربطة', 0, 229),
(148, 'ربطة', 0, 230),
(149, 'ربطة', 0, 231),
(150, 'ربطة', 0, 232),
(151, 'ربطة', 0, 233),
(152, 'ربطة', 0, 234),
(153, 'ربطة', 0, 235),
(154, 'ربطة', 0, 236),
(155, 'ربطة', 0, 237),
(156, 'ربطة', 0, 238),
(157, 'ربطة', 0, 239),
(158, 'ربطة', 0, 240),
(159, 'ربطة', 0, 241),
(160, 'ربطة', 0, 242),
(161, 'ربطة', 0, 243),
(162, 'ربطة', 0, 244),
(163, 'ربطة', 0, 245),
(164, 'ربطة', 0, 246),
(165, 'ربطة', 0, 247),
(166, 'ربطة', 0, 248),
(167, 'ربطة', 0, 249),
(168, 'ربطة', 0, 250),
(169, 'ربطة', 0, 251),
(170, 'ربطة', 0, 252),
(171, 'ربطة', 0, 253),
(172, 'ربطة', 0, 254),
(173, 'كرتونة', 0, 255),
(174, 'كرتونة', 0, 256),
(175, 'كرتونة', 0, 257),
(176, 'كرتونة', 0, 258),
(177, 'كرتونة', 0, 259),
(178, 'كرتونة', 0, 260),
(179, 'كرتونة', 0, 261),
(180, 'كرتونة', 0, 262),
(181, 'كرتونة', 0, 263),
(182, 'كرتونة', 0, 264),
(183, 'كرتونة', 0, 265),
(184, 'كرتونة', 0, 266),
(185, 'كرتونة', 0, 267),
(186, 'كرتونة', 0, 268),
(187, 'كرتونة', 0, 269),
(188, 'كرتونة', 0, 270),
(189, 'كرتونة', 0, 271),
(190, 'كرتونة', 0, 272),
(191, 'كرتونة', 0, 273),
(192, 'كرتونة', 0, 274),
(193, 'كرتونة', 0, 275),
(194, 'كرتونة', 0, 276),
(195, 'كرتونة', 0, 277),
(196, 'كرتونة', 0, 278),
(197, 'كرتونة', 0, 279),
(198, 'كرتونة', 0, 280),
(199, 'كرتونة', 0, 281),
(200, 'كرتونة', 0, 282),
(201, 'كرتونة', 0, 283),
(202, 'كرتونة', 0, 284),
(203, 'كرتونة', 0, 285),
(204, 'كرتونة', 0, 286),
(205, 'كرتونة', 0, 287),
(206, 'كرتونة', 0, 288),
(207, 'كرتونة', 0, 289),
(208, 'كرتونة', 0, 290),
(209, 'كرتونة', 0, 291),
(210, 'كرتونة', 0, 292),
(211, 'كرتونة', 0, 293),
(212, 'كرتونة', 0, 294),
(213, 'كرتونة', 0, 295),
(214, 'كرتونة', 0, 296),
(215, 'كرتونة', 0, 297),
(216, 'كرتونة', 0, 298),
(217, 'كرتونة', 0, 299),
(218, 'كرتونة', 0, 300),
(219, 'كرتونة', 0, 301),
(220, 'كرتونة', 0, 302),
(221, 'كرتونة', 0, 303),
(222, 'كيس', 0, 304),
(223, 'كيس', 0, 305),
(224, 'كيس', 0, 306),
(225, 'كيس', 0, 307),
(226, 'كيس', 0, 308),
(227, 'كيس', 0, 309),
(228, 'كيس', 0, 310),
(229, 'كيس', 0, 311),
(230, 'كرتونة', 0, 312),
(231, 'ربطة', 0, 313),
(232, 'ربطة', 0, 314),
(233, 'ربطة', 0, 315),
(234, 'ربطة', 0, 316),
(235, 'ربطة', 0, 317),
(236, 'رول', 0, 318),
(237, 'رول', 0, 319),
(238, 'رول', 0, 320),
(239, 'رول', 0, 321),
(240, 'رول', 0, 322),
(241, 'رول', 0, 323),
(242, 'رول', 0, 324),
(243, 'رول', 0, 325),
(244, 'رول', 0, 326),
(245, 'رول', 0, 327),
(246, 'رول', 0, 328),
(247, 'كيس', 0, 329),
(248, 'كيس', 0, 330),
(249, 'كيس', 0, 331),
(250, 'كيس', 0, 332),
(251, 'كيس', 0, 333),
(252, 'كرتونة', 0, 334),
(253, 'قطعة ', 0, 335),
(254, 'كرتونة', 0, 336),
(255, 'شوال', 50, 337),
(256, 'طن', 1000, 337);

-- --------------------------------------------------------

--
-- Table structure for table `migrations`
--

CREATE TABLE `migrations` (
  `id` int(10) UNSIGNED NOT NULL,
  `migration` varchar(255) COLLATE utf8mb4_unicode_ci NOT NULL,
  `batch` int(11) NOT NULL
) ENGINE=InnoDB DEFAULT CHARSET=utf8mb4 COLLATE=utf8mb4_unicode_ci;

--
-- Dumping data for table `migrations`
--

INSERT INTO `migrations` (`id`, `migration`, `batch`) VALUES
(1, '2014_10_12_000000_create_users_table', 1),
(2, '2014_10_12_100000_create_password_resets_table', 1),
(3, '2019_08_19_000000_create_failed_jobs_table', 1),
(4, '2019_12_14_000001_create_personal_access_tokens_table', 1),
(5, '2022_03_18_153430_create_departments_table', 1),
(6, '2022_03_21_151217_create_roles_table', 1),
(7, '2022_03_21_200505_create_item_main_categories_table', 1),
(8, '2022_03_21_203713_create_item_categories_table', 1),
(9, '2022_03_21_222233_create_items_table', 1),
(10, '2022_03_21_235853_create_item_units_table', 1),
(11, '2022_03_23_164039_create_receipt_types_table', 1),
(12, '2022_03_25_125211_create_permission_tables', 1),
(13, '2022_03_25_165255_create_receipts_table', 1),
(14, '2022_03_25_165324_create_item_receipts_table', 1),
(15, '2022_04_07_201500_create_role_user_table', 1),
(16, '2022_04_19_161055_create_department_item_table', 1),
(17, '2022_05_19_141905_create_transformations_table', 1),
(18, '2022_05_19_142254_create_item_transformation_table', 1);

-- --------------------------------------------------------

--
-- Table structure for table `password_resets`
--

CREATE TABLE `password_resets` (
  `email` varchar(255) COLLATE utf8mb4_unicode_ci NOT NULL,
  `token` varchar(255) COLLATE utf8mb4_unicode_ci NOT NULL,
  `created_at` timestamp NULL DEFAULT NULL
) ENGINE=InnoDB DEFAULT CHARSET=utf8mb4 COLLATE=utf8mb4_unicode_ci;

-- --------------------------------------------------------

--
-- Table structure for table `personal_access_tokens`
--

CREATE TABLE `personal_access_tokens` (
  `id` bigint(20) UNSIGNED NOT NULL,
  `tokenable_type` varchar(255) COLLATE utf8mb4_unicode_ci NOT NULL,
  `tokenable_id` bigint(20) UNSIGNED NOT NULL,
  `name` varchar(255) COLLATE utf8mb4_unicode_ci NOT NULL,
  `token` varchar(64) COLLATE utf8mb4_unicode_ci NOT NULL,
  `abilities` text COLLATE utf8mb4_unicode_ci DEFAULT NULL,
  `last_used_at` timestamp NULL DEFAULT NULL,
  `created_at` timestamp NULL DEFAULT NULL,
  `updated_at` timestamp NULL DEFAULT NULL
) ENGINE=InnoDB DEFAULT CHARSET=utf8mb4 COLLATE=utf8mb4_unicode_ci;

-- --------------------------------------------------------

--
-- Table structure for table `receipts`
--

CREATE TABLE `receipts` (
  `id` bigint(20) UNSIGNED NOT NULL,
  `receipt_number` varchar(255) COLLATE utf8mb4_unicode_ci DEFAULT NULL,
  `description` text COLLATE utf8mb4_unicode_ci DEFAULT NULL,
  `created_by_user_id` bigint(20) UNSIGNED NOT NULL,
  `accepted_by_user_id` bigint(20) UNSIGNED DEFAULT NULL,
  `accepted_at` timestamp NULL DEFAULT NULL,
  `receipt_type_id` bigint(20) UNSIGNED NOT NULL,
  `from_department_id` bigint(20) UNSIGNED DEFAULT NULL,
  `to_department_id` bigint(20) UNSIGNED NOT NULL,
  `must_approved_by_role_id` bigint(20) UNSIGNED DEFAULT NULL,
  `created_at` timestamp NULL DEFAULT NULL,
  `updated_at` timestamp NULL DEFAULT NULL
) ENGINE=InnoDB DEFAULT CHARSET=utf8mb4 COLLATE=utf8mb4_unicode_ci;

--
-- Dumping data for table `receipts`
--

INSERT INTO `receipts` (`id`, `receipt_number`, `description`, `created_by_user_id`, `accepted_by_user_id`, `accepted_at`, `receipt_type_id`, `from_department_id`, `to_department_id`, `must_approved_by_role_id`, `created_at`, `updated_at`) VALUES
(1, '123456', 'لايوجد ملاحظات', 2, 1, '2022-06-26 19:34:59', 1, 1, 2, 1, '2022-06-26 19:34:59', '2022-06-26 19:34:59');

-- --------------------------------------------------------

--
-- Table structure for table `receipt_types`
--

CREATE TABLE `receipt_types` (
  `id` bigint(20) UNSIGNED NOT NULL,
  `name` varchar(255) COLLATE utf8mb4_unicode_ci NOT NULL,
  `value` varchar(255) COLLATE utf8mb4_unicode_ci NOT NULL
) ENGINE=InnoDB DEFAULT CHARSET=utf8mb4 COLLATE=utf8mb4_unicode_ci;

--
-- Dumping data for table `receipt_types`
--

INSERT INTO `receipt_types` (`id`, `name`, `value`) VALUES
(1, 'input', 'input'),
(2, 'output', 'output'),
(3, 'request', 'request'),
(4, 'transformation', 'transformation');

-- --------------------------------------------------------

--
-- Table structure for table `roles`
--

CREATE TABLE `roles` (
  `id` bigint(20) UNSIGNED NOT NULL,
  `name` varchar(255) COLLATE utf8mb4_unicode_ci NOT NULL,
  `code` varchar(255) COLLATE utf8mb4_unicode_ci NOT NULL,
  `department_id` bigint(20) UNSIGNED DEFAULT NULL,
  `created_at` timestamp NULL DEFAULT NULL,
  `updated_at` timestamp NULL DEFAULT NULL
) ENGINE=InnoDB DEFAULT CHARSET=utf8mb4 COLLATE=utf8mb4_unicode_ci;

--
-- Dumping data for table `roles`
--

INSERT INTO `roles` (`id`, `name`, `code`, `department_id`, `created_at`, `updated_at`) VALUES
(1, 'مدير النظام', 'admin', NULL, NULL, NULL),
(2, 'مدير قسم المواد الأولية', 'r1', 1, NULL, NULL),
(3, 'مدير قسم المواد الجاهزة', 'r2', 2, NULL, NULL),
(4, 'مدير قسم التحضير', 'r3', 3, NULL, NULL),
(5, 'مدير قسم الأنتاج', 'r4', 4, NULL, NULL);

-- --------------------------------------------------------

--
-- Table structure for table `role_user`
--

CREATE TABLE `role_user` (
  `user_id` bigint(20) UNSIGNED NOT NULL,
  `role_id` bigint(20) UNSIGNED NOT NULL
) ENGINE=InnoDB DEFAULT CHARSET=utf8mb4 COLLATE=utf8mb4_unicode_ci;

--
-- Dumping data for table `role_user`
--

INSERT INTO `role_user` (`user_id`, `role_id`) VALUES
(1, 1),
(2, 2),
(3, 3),
(4, 4),
(4, 5),
(5, 5);

-- --------------------------------------------------------

--
-- Table structure for table `transformations`
--

CREATE TABLE `transformations` (
  `id` bigint(20) UNSIGNED NOT NULL,
  `name` varchar(255) COLLATE utf8mb4_unicode_ci NOT NULL,
  `description` varchar(255) COLLATE utf8mb4_unicode_ci DEFAULT NULL,
  `created_at` timestamp NULL DEFAULT NULL,
  `updated_at` timestamp NULL DEFAULT NULL
) ENGINE=InnoDB DEFAULT CHARSET=utf8mb4 COLLATE=utf8mb4_unicode_ci;

--
-- Dumping data for table `transformations`
--

INSERT INTO `transformations` (`id`, `name`, `description`, `created_at`, `updated_at`) VALUES
(1, 'عملية خلط شراب البرتقال', NULL, '2022-06-26 19:34:59', '2022-06-26 19:34:59');

-- --------------------------------------------------------

--
-- Table structure for table `users`
--

CREATE TABLE `users` (
  `id` bigint(20) UNSIGNED NOT NULL,
  `name` varchar(255) COLLATE utf8mb4_unicode_ci NOT NULL,
  `email` varchar(255) COLLATE utf8mb4_unicode_ci NOT NULL,
  `email_verified_at` timestamp NULL DEFAULT NULL,
  `password` varchar(255) COLLATE utf8mb4_unicode_ci NOT NULL,
  `remember_token` varchar(100) COLLATE utf8mb4_unicode_ci DEFAULT NULL,
  `created_at` timestamp NULL DEFAULT NULL,
  `updated_at` timestamp NULL DEFAULT NULL
) ENGINE=InnoDB DEFAULT CHARSET=utf8mb4 COLLATE=utf8mb4_unicode_ci;

--
-- Dumping data for table `users`
--

INSERT INTO `users` (`id`, `name`, `email`, `email_verified_at`, `password`, `remember_token`, `created_at`, `updated_at`) VALUES
(1, 'admin', 'admin@qd.com', '2022-06-26 19:34:54', '$2y$10$NjPfSjxyyIAP3XWQZ.HuhO9nGv24GtkjeCGNvs3SQ1ADCf9IKUYUu', 'bWNDgSDPYo', '2022-06-26 19:34:54', '2022-06-26 19:34:54'),
(2, 'محمد الأحمد', 'mhd@qd.com', '2022-06-26 19:34:54', '$2y$10$ThFkrTViqgo9WDaFjEEKvOYR248UhvDkQJMHssxnCklzayFZf5/xS', 'ZN09ZMYeoy', '2022-06-26 19:34:54', '2022-06-26 19:34:54'),
(3, 'أحمد الأحمد', 'ahmad@qd.com', '2022-06-26 19:34:54', '$2y$10$75jsSOwOJtgrxm7.NkjY6OHIJBrvoOEbnqo10RYGJOQE5.4wKrnye', 'WWiU1XjM8h', '2022-06-26 19:34:54', '2022-06-26 19:34:54'),
(4, 'حمدي الأحمد', 'hamdi@qd.com', '2022-06-26 19:34:54', '$2y$10$n4hBQ5TTGZdR7hjTxUhEkuXNhByU3s0AfglBKc.jcbQnn0znQp0ii', 'ar7UQTOq3l', '2022-06-26 19:34:54', '2022-06-26 19:34:54'),
(5, 'حمد الأحمد', 'hamad@qd.com', '2022-06-26 19:34:54', '$2y$10$IK/o.TyWwAUKscSlIpX8weODNwfc7WGh/s8.OlYmqCB2ieA0ok5kO', 'JLJSxi7vDz', '2022-06-26 19:34:55', '2022-06-26 19:34:55');

--
-- Indexes for dumped tables
--

--
-- Indexes for table `departments`
--
ALTER TABLE `departments`
  ADD PRIMARY KEY (`id`),
  ADD UNIQUE KEY `departments_name_unique` (`name`);

--
-- Indexes for table `department_item`
--
ALTER TABLE `department_item`
  ADD PRIMARY KEY (`id`),
  ADD UNIQUE KEY `department_item_department_id_item_id_unique` (`department_id`,`item_id`),
  ADD KEY `department_item_item_id_foreign` (`item_id`);

--
-- Indexes for table `failed_jobs`
--
ALTER TABLE `failed_jobs`
  ADD PRIMARY KEY (`id`),
  ADD UNIQUE KEY `failed_jobs_uuid_unique` (`uuid`);

--
-- Indexes for table `items`
--
ALTER TABLE `items`
  ADD PRIMARY KEY (`id`),
  ADD UNIQUE KEY `items_code_unique` (`code`),
  ADD UNIQUE KEY `items_name_unique` (`name`),
  ADD KEY `items_item_category_id_foreign` (`item_category_id`);

--
-- Indexes for table `item_categories`
--
ALTER TABLE `item_categories`
  ADD PRIMARY KEY (`id`),
  ADD UNIQUE KEY `item_categories_code_unique` (`code`),
  ADD UNIQUE KEY `item_categories_name_unique` (`name`),
  ADD KEY `item_categories_item_main_category_id_foreign` (`item_main_category_id`);

--
-- Indexes for table `item_main_categories`
--
ALTER TABLE `item_main_categories`
  ADD PRIMARY KEY (`id`),
  ADD UNIQUE KEY `item_main_categories_code_unique` (`code`),
  ADD UNIQUE KEY `item_main_categories_name_unique` (`name`),
  ADD KEY `item_main_categories_department_id_foreign` (`department_id`);

--
-- Indexes for table `item_receipt`
--
ALTER TABLE `item_receipt`
  ADD PRIMARY KEY (`id`),
  ADD UNIQUE KEY `item_receipt_receipt_id_item_id_unique` (`receipt_id`,`item_id`),
  ADD KEY `item_receipt_item_id_foreign` (`item_id`);

--
-- Indexes for table `item_transformation`
--
ALTER TABLE `item_transformation`
  ADD PRIMARY KEY (`id`),
  ADD KEY `item_transformation_transformation_id_foreign` (`transformation_id`),
  ADD KEY `item_transformation_item_id_foreign` (`item_id`);

--
-- Indexes for table `item_units`
--
ALTER TABLE `item_units`
  ADD PRIMARY KEY (`id`),
  ADD KEY `item_units_item_id_foreign` (`item_id`);

--
-- Indexes for table `migrations`
--
ALTER TABLE `migrations`
  ADD PRIMARY KEY (`id`);

--
-- Indexes for table `password_resets`
--
ALTER TABLE `password_resets`
  ADD KEY `password_resets_email_index` (`email`);

--
-- Indexes for table `personal_access_tokens`
--
ALTER TABLE `personal_access_tokens`
  ADD PRIMARY KEY (`id`),
  ADD UNIQUE KEY `personal_access_tokens_token_unique` (`token`),
  ADD KEY `personal_access_tokens_tokenable_type_tokenable_id_index` (`tokenable_type`,`tokenable_id`);

--
-- Indexes for table `receipts`
--
ALTER TABLE `receipts`
  ADD PRIMARY KEY (`id`),
  ADD KEY `receipts_created_by_user_id_foreign` (`created_by_user_id`),
  ADD KEY `receipts_accepted_by_user_id_foreign` (`accepted_by_user_id`),
  ADD KEY `receipts_receipt_type_id_foreign` (`receipt_type_id`),
  ADD KEY `receipts_from_department_id_foreign` (`from_department_id`),
  ADD KEY `receipts_to_department_id_foreign` (`to_department_id`),
  ADD KEY `receipts_must_approved_by_role_id_foreign` (`must_approved_by_role_id`);

--
-- Indexes for table `receipt_types`
--
ALTER TABLE `receipt_types`
  ADD PRIMARY KEY (`id`),
  ADD UNIQUE KEY `receipt_types_name_unique` (`name`);

--
-- Indexes for table `roles`
--
ALTER TABLE `roles`
  ADD PRIMARY KEY (`id`),
  ADD UNIQUE KEY `roles_name_unique` (`name`),
  ADD UNIQUE KEY `roles_code_unique` (`code`),
  ADD KEY `roles_department_id_foreign` (`department_id`);

--
-- Indexes for table `role_user`
--
ALTER TABLE `role_user`
  ADD KEY `role_user_user_id_foreign` (`user_id`),
  ADD KEY `role_user_role_id_foreign` (`role_id`);

--
-- Indexes for table `transformations`
--
ALTER TABLE `transformations`
  ADD PRIMARY KEY (`id`);

--
-- Indexes for table `users`
--
ALTER TABLE `users`
  ADD PRIMARY KEY (`id`),
  ADD UNIQUE KEY `users_email_unique` (`email`);

--
-- AUTO_INCREMENT for dumped tables
--

--
-- AUTO_INCREMENT for table `departments`
--
ALTER TABLE `departments`
  MODIFY `id` bigint(20) UNSIGNED NOT NULL AUTO_INCREMENT, AUTO_INCREMENT=8;

--
-- AUTO_INCREMENT for table `department_item`
--
ALTER TABLE `department_item`
  MODIFY `id` bigint(20) UNSIGNED NOT NULL AUTO_INCREMENT;

--
-- AUTO_INCREMENT for table `failed_jobs`
--
ALTER TABLE `failed_jobs`
  MODIFY `id` bigint(20) UNSIGNED NOT NULL AUTO_INCREMENT;

--
-- AUTO_INCREMENT for table `items`
--
ALTER TABLE `items`
  MODIFY `id` bigint(20) UNSIGNED NOT NULL AUTO_INCREMENT, AUTO_INCREMENT=363;

--
-- AUTO_INCREMENT for table `item_categories`
--
ALTER TABLE `item_categories`
  MODIFY `id` bigint(20) UNSIGNED NOT NULL AUTO_INCREMENT, AUTO_INCREMENT=54;

--
-- AUTO_INCREMENT for table `item_main_categories`
--
ALTER TABLE `item_main_categories`
  MODIFY `id` bigint(20) UNSIGNED NOT NULL AUTO_INCREMENT, AUTO_INCREMENT=7;

--
-- AUTO_INCREMENT for table `item_receipt`
--
ALTER TABLE `item_receipt`
  MODIFY `id` bigint(20) UNSIGNED NOT NULL AUTO_INCREMENT, AUTO_INCREMENT=3;

--
-- AUTO_INCREMENT for table `item_transformation`
--
ALTER TABLE `item_transformation`
  MODIFY `id` bigint(20) UNSIGNED NOT NULL AUTO_INCREMENT, AUTO_INCREMENT=4;

--
-- AUTO_INCREMENT for table `item_units`
--
ALTER TABLE `item_units`
  MODIFY `id` bigint(20) UNSIGNED NOT NULL AUTO_INCREMENT, AUTO_INCREMENT=257;

--
-- AUTO_INCREMENT for table `migrations`
--
ALTER TABLE `migrations`
  MODIFY `id` int(10) UNSIGNED NOT NULL AUTO_INCREMENT, AUTO_INCREMENT=19;

--
-- AUTO_INCREMENT for table `personal_access_tokens`
--
ALTER TABLE `personal_access_tokens`
  MODIFY `id` bigint(20) UNSIGNED NOT NULL AUTO_INCREMENT;

--
-- AUTO_INCREMENT for table `receipts`
--
ALTER TABLE `receipts`
  MODIFY `id` bigint(20) UNSIGNED NOT NULL AUTO_INCREMENT, AUTO_INCREMENT=2;

--
-- AUTO_INCREMENT for table `receipt_types`
--
ALTER TABLE `receipt_types`
  MODIFY `id` bigint(20) UNSIGNED NOT NULL AUTO_INCREMENT, AUTO_INCREMENT=5;

--
-- AUTO_INCREMENT for table `roles`
--
ALTER TABLE `roles`
  MODIFY `id` bigint(20) UNSIGNED NOT NULL AUTO_INCREMENT, AUTO_INCREMENT=6;

--
-- AUTO_INCREMENT for table `transformations`
--
ALTER TABLE `transformations`
  MODIFY `id` bigint(20) UNSIGNED NOT NULL AUTO_INCREMENT, AUTO_INCREMENT=2;

--
-- AUTO_INCREMENT for table `users`
--
ALTER TABLE `users`
  MODIFY `id` bigint(20) UNSIGNED NOT NULL AUTO_INCREMENT, AUTO_INCREMENT=6;

--
-- Constraints for dumped tables
--

--
-- Constraints for table `department_item`
--
ALTER TABLE `department_item`
  ADD CONSTRAINT `department_item_department_id_foreign` FOREIGN KEY (`department_id`) REFERENCES `departments` (`id`),
  ADD CONSTRAINT `department_item_item_id_foreign` FOREIGN KEY (`item_id`) REFERENCES `items` (`id`);

--
-- Constraints for table `items`
--
ALTER TABLE `items`
  ADD CONSTRAINT `items_item_category_id_foreign` FOREIGN KEY (`item_category_id`) REFERENCES `item_categories` (`id`);

--
-- Constraints for table `item_categories`
--
ALTER TABLE `item_categories`
  ADD CONSTRAINT `item_categories_item_main_category_id_foreign` FOREIGN KEY (`item_main_category_id`) REFERENCES `item_main_categories` (`id`);

--
-- Constraints for table `item_main_categories`
--
ALTER TABLE `item_main_categories`
  ADD CONSTRAINT `item_main_categories_department_id_foreign` FOREIGN KEY (`department_id`) REFERENCES `departments` (`id`);

--
-- Constraints for table `item_receipt`
--
ALTER TABLE `item_receipt`
  ADD CONSTRAINT `item_receipt_item_id_foreign` FOREIGN KEY (`item_id`) REFERENCES `items` (`id`),
  ADD CONSTRAINT `item_receipt_receipt_id_foreign` FOREIGN KEY (`receipt_id`) REFERENCES `receipts` (`id`);

--
-- Constraints for table `item_transformation`
--
ALTER TABLE `item_transformation`
  ADD CONSTRAINT `item_transformation_item_id_foreign` FOREIGN KEY (`item_id`) REFERENCES `items` (`id`),
  ADD CONSTRAINT `item_transformation_transformation_id_foreign` FOREIGN KEY (`transformation_id`) REFERENCES `transformations` (`id`) ON DELETE CASCADE;

--
-- Constraints for table `item_units`
--
ALTER TABLE `item_units`
  ADD CONSTRAINT `item_units_item_id_foreign` FOREIGN KEY (`item_id`) REFERENCES `items` (`id`) ON DELETE CASCADE;

--
-- Constraints for table `receipts`
--
ALTER TABLE `receipts`
  ADD CONSTRAINT `receipts_accepted_by_user_id_foreign` FOREIGN KEY (`accepted_by_user_id`) REFERENCES `users` (`id`),
  ADD CONSTRAINT `receipts_created_by_user_id_foreign` FOREIGN KEY (`created_by_user_id`) REFERENCES `users` (`id`),
  ADD CONSTRAINT `receipts_from_department_id_foreign` FOREIGN KEY (`from_department_id`) REFERENCES `departments` (`id`),
  ADD CONSTRAINT `receipts_must_approved_by_role_id_foreign` FOREIGN KEY (`must_approved_by_role_id`) REFERENCES `roles` (`id`),
  ADD CONSTRAINT `receipts_receipt_type_id_foreign` FOREIGN KEY (`receipt_type_id`) REFERENCES `receipt_types` (`id`),
  ADD CONSTRAINT `receipts_to_department_id_foreign` FOREIGN KEY (`to_department_id`) REFERENCES `departments` (`id`);

--
-- Constraints for table `roles`
--
ALTER TABLE `roles`
  ADD CONSTRAINT `roles_department_id_foreign` FOREIGN KEY (`department_id`) REFERENCES `departments` (`id`);

--
-- Constraints for table `role_user`
--
ALTER TABLE `role_user`
  ADD CONSTRAINT `role_user_role_id_foreign` FOREIGN KEY (`role_id`) REFERENCES `roles` (`id`) ON DELETE CASCADE,
  ADD CONSTRAINT `role_user_user_id_foreign` FOREIGN KEY (`user_id`) REFERENCES `users` (`id`) ON DELETE CASCADE;
COMMIT;

/*!40101 SET CHARACTER_SET_CLIENT=@OLD_CHARACTER_SET_CLIENT */;
/*!40101 SET CHARACTER_SET_RESULTS=@OLD_CHARACTER_SET_RESULTS */;
/*!40101 SET COLLATION_CONNECTION=@OLD_COLLATION_CONNECTION */;
